DrugBank_ID,UniProt_IDs_with_hits
DB00006,P00734
DB00091,P30405;P62937;Q08209;Q96LZ3
DB00114,O15269;O15270;O15382;O75600;O94903;O95470;P00505;P00734;P04181;P06737;P11216;P11217;P11926;P13196;P17174;P17735;P19113;P20132;P20711;P21549;P22557;P23378;P24298;P32929;P34896;P34897;P35520;P54687;P80404;Q05329;Q16719;Q16773;Q53ET4;Q6WRI0;Q6YP21;Q6ZQY3;Q8IUZ5;Q8N5Z0;Q8TD30;Q96A70;Q96EN8;Q96GA7;Q96GD0;Q96I15;Q99259;Q9BYV1;Q9GZT4;Q9HD40;Q9NUV7;Q9NVS9;Q9UGI5;Q9Y600;Q9Y617;Q9Y697
DB00118,P17707;P31153;P35520;Q00266;Q8N1G2
DB00119,O15374;O15375;O15403;O15427;O60669;O95907;P11177;P11498;P14618;P22748;P30613;P36021;P53985;P80404;Q9BYV1
DB00121,O00763;P05165;P05166;P11498;P50747;Q13085;Q96RQ3;Q9HCC0
DB00122,O14939;P06276;P22303;P36544;P49585;Q13393;Q15822;Q9Y5K3
DB00123,O43246;P30825;P52569;Q15046;Q8WY07
DB00126,O00469;O14832;O60568;O75936;P09172;P13674;P19021;Q02809;Q32P28;Q8IVL5;Q8IVL6;Q8N543;Q96KS0;Q9BY66;Q9GZT9;Q9H6Z9;Q9NVH6;Q9NXG6;Q9UGH3;Q9UHI7
DB00128,O75746;P00505;P08243;P14868;P17174;P22234;P30520;P43005;Q03154;Q05586;Q12797;Q12879;Q13224;Q6PI48;Q7L266;Q8N142;Q9UJS0
DB00129,P00480;P04181;P05089;P30825;P52569;P78540;Q9BXI2;Q9Y619
DB00130,P15104;P17812;Q06203
DB00131,O43741;P06737;P09467;P16220;P33121;P49773;P54619;P54646;P55263;Q07343;Q08499;Q08828;Q13131;Q9NR19;Q9UGI9;Q9UGJ0;Q9Y478
DB00132,O14842;O60427;O95864;P19793;P32418;P35354;P37231;Q03181;Q07869;Q8NER1;Q96RI1;Q9NXB9;Q9NYP7
DB00134,P50579;Q93088;Q99707;Q9UBK8
DB00136,P11473;P31260
DB00138,O60931;Q9UPY5
DB00139,P51649;Q9BXA5
DB00141,O60513;P15291;Q9UJ70;Q9UK23
DB00142,O00222;O00341;O14841;O15067;O15382;O15399;O94925;P00367;P00505;P07814;P08243;P15104;P17174;P17735;P24298;P39086;P42261;P42262;P42263;P43003;P43004;P43005;P48058;P48506;P48507;P48664;P49448;P49915;P54687;P54886;P80404;Q04609;Q05329;Q05586;Q05932;Q07075;Q12879;Q13002;Q13003;Q13224;Q13255;Q14831;Q14833;Q14957;Q16099;Q16478;Q5JPH6;Q6IA69;Q8N5Z0;Q8TCU5;Q8TD30;Q99259;Q9UDR5;Q9UI32;Q9ULA0;Q9UPY5;Q9Y617;Q9Y646
DB00143,O15217;O43708;O60760;O75715;P00390;P07203;P08263;P08684;P09210;P09211;P09488;P10768;P14780;P15121;P18283;P19440;P21266;P22352;P28161;P35754;P36969;P46439;P48637;P59796;P78417;Q03013;Q04760;Q16772;Q16775;Q6NSD4;Q7RTV2;Q8TED1;Q96SL4;Q9H4Y5;Q9NS18;Q9Y2Q3
DB00145,O60391;O75311;O75600;P13196;P21549;P22557;P23415;P23416;P34896;P34897;P41250;P48167;P48637;Q12879;Q14032;Q14330;Q14957;Q53ET4;Q9BYV1;Q9P0Z9
DB00146,P11473
DB00148,P06732;P12277;P12532;P17540;P48029
DB00151,P00505;P16455;P17174;P32929;P35520;P48506;P48507;P48637;P49589;Q16878;Q9HA77;Q9Y600;Q9Y697
DB00152,P0AFG8;Q9H3S4
DB00153,O00305;O00555;O43497;O60840;O95180;P11473;P54284;P54289;Q00975;Q01668;Q02641;Q08289;Q13698;Q13936;Q15878;Q7Z3S7;Q8IZS8;Q9NY47;Q9P0X4
DB00156,P26639;Q9BW92
DB00157,O00217;O14556;O14561;O43175;O43181;O43674;O43678;O43837;O43920;O60701;O75251;O75306;O75380;O75489;O94788;O95168;O95169;O95178;O95182;O95299;O95479;O96000;P00325;P00326;P00338;P00352;P00367;P00374;P00387;P00390;P03915;P04035;P04406;P05091;P05093;P07195;P07327;P07864;P08319;P08559;P09417;P09622;P10515;P11177;P11586;P11766;P12268;P13995;P14060;P14061;P14679;P15121;P15428;P16219;P17516;P17568;P19404;P20839;P21695;P23368;P26439;P28331;P28845;P29803;P30038;P30837;P30838;P31937;P32322;P37058;P37059;P40394;P40925;P40926;P40939;P42330;P43353;P47895;P48163;P48448;P48728;P49189;P49419;P49448;P49821;P50213;P51553;P51648;P51649;P51659;P51970;P52895;P56556;P56937;P80365;Q00796;Q02218;Q02252;Q02338;Q02928;Q04828;Q08426;Q13423;Q13630;Q15738;Q15800;Q16718;Q16795;Q16798;Q16836;Q16878;Q6ZMR3;Q92506;Q92781;Q96C36;Q99714;Q9BYZ2;Q9P0J0;Q9UBM7;Q9UDR5;Q9UI09;Q9Y6M9
DB00158,P41440;Q96NT5
DB00159,O14842;O15540;O60427;O60488;P23219;P32418;P35354;P37231;Q03181;Q07869;Q8NER1
DB00161,P05166;P26640;P54687
DB00163,O75469;O76054;P05771;P17252;P23743;P62714;P67775;Q9UDX3;Q9UDX4
DB00165,O00764;P20711
DB00166,O43766;Q9Y234;Q9Y289
DB00169,P11473
DB00170,P00734;P00740;P04070;P07225;Q06278
DB00173,O00763;P07741;P17802;P24666;P78362;Q13126;Q5SL87;Q9BY49
DB00174,O43776;P08243;Q15758;Q7L266;Q969I6;Q96I59;Q96QD8;Q99624;Q9H2H9
DB00175,P04035;Q92769
DB00176,P31645;Q12809
DB00181,O75899;P61073;Q9UBS5
DB00182,P07550;P08588;P08913;P13945;P14416;P18089;P18825;P21397;P23975;P25100;P27338;P31645;P35348;P35368;Q01959;Q05940;Q96RJ0
DB00184,P11511;P17787;P28329;P30532;P30926;P32297;P36544;P43681;Q05901;Q15822;Q15825;Q9GZZ6;Q9UGM1
DB00185,P11229;P20309
DB00189,O00591;O14764;P14867;P18505;P18507;P28472;P31644;P34903;P47869;P47870;P48169;P78334;Q16445;Q8N1C3;Q99928;Q9UN88
DB00191,P21397;P23975;P27338;P31645;Q01959
DB00194,P04293;P29275
DB00199,O43193;Q12809
DB00201,O00329;O00408;O60658;O76074;O76083;O95263;P0DMS8;P16499;P21817;P27815;P29274;P29275;P30542;P35913;P42336;P42338;P51160;P54750;P78527;Q01064;Q07343;Q08493;Q08499;Q13315;Q13370;Q13946;Q14123;Q14432;Q14571;Q14573;Q14643;Q9HCR9;Q9NP56;Q9Y233
DB00202,P08172;P17787;P20309;P30532;P30926;P32297;P36544;P43681;Q05901;Q15822;Q15825;Q9GZZ6;Q9UGM1
DB00204,O95069;Q12809;Q14500
DB00208,P25105;Q9H244
DB00213,O94760;P20648;P51164
DB00214,P55011;Q13621
DB00216,P08908;P28221;P28222;P30939
DB00219,P11229
DB00228,O00305;O00555;O00591;O14764;O14983;O15399;O43497;O43525;O43526;O60391;O60840;O95180;O95259;P14867;P16389;P17658;P18505;P18507;P22001;P22459;P22460;P23415;P28472;P31644;P34903;P47869;P47870;P48169;P48547;P51787;P54284;P54289;P56696;P78334;P98194;Q00975;Q01668;Q02641;Q03721;Q05586;Q08289;Q09470;Q12809;Q12879;Q13224;Q13303;Q13698;Q13936;Q14003;Q14721;Q14722;Q14957;Q15878;Q16322;Q16445;Q6PIU1;Q7Z3S7;Q8IZS8;Q8N1C3;Q8NCM2;Q8TAE7;Q8TCU5;Q8TDN1;Q8TDN2;Q92953;Q96KK3;Q96L42;Q96PR1;Q99928;Q9BQ31;Q9H252;Q9H3M0;Q9NR82;Q9NS40;Q9NSA2;Q9NY47;Q9NZV8;Q9P0X4;Q9UIX4;Q9UJ96;Q9UK17;Q9ULD8;Q9UN88;Q9UQ05
DB00230,P54289
DB00235,Q14432
DB00238,P03366;Q72547
DB00239,O75469;P10613
DB00240,P04150;P08185
DB00242,P00491;P00813;P09874;P09884;P23921;P31350;P56282;Q07864;Q7LG56;Q9NR33;Q9NRF9
DB00246,A5X5Y0;O95264;P08172;P08173;P08908;P08912;P08913;P11229;P14416;P18089;P18825;P20309;P21728;P21917;P21918;P28221;P28222;P28223;P28335;P28566;P34969;P35348;P35367;P35368;P35462;P36544;P46098;P47898;P50406;Q70Z44;Q8WXA8
DB00251,P10613
DB00253,O95718;P04150;P11474;P62508
DB00262,P00390
DB00272,P25021
DB00273,O00305;O60840;P00915;P00918;P07451;P14867;P22748;P35498;P35499;P39086;P54284;Q01118;Q01668;Q02641;Q08289;Q13002;Q13003;Q13698;Q13936;Q14524;Q15858;Q15878;Q16099;Q16478;Q99250;Q9NY46;Q9UI33;Q9UQD0;Q9Y5Y9
DB00276,P11388;Q02880;Q12809
DB00277,O76074;P09874;P27815;P29274;P29275;P30542;Q07343;Q14432;Q15155;Q7Z5B4;Q8TCT9;Q92769;Q99829;Q9Y4R7
DB00278,P00734
DB00279,P10827;P10828;P12004
DB00282,O95749;P14324;P42574;P55211
DB00284,O43451;P04746;P10253;P14410
DB00286,P03372;Q92731
DB00290,P18858;P49916
DB00293,P04818;P12461;Q05932
DB00294,P06401
DB00298,P14416;P25100;P35348;P35368
DB00299,P04183;P04293
DB00300,P03366;Q72547
DB00302,P00747
DB00304,P03372;P06401
DB00308,O00180;P54289;Q02641;Q12809;Q13936;Q14654;Q9H252;Q9NS40;Q9Y257
DB00313,O15379;P11926;P14210;P35498;P35499;P37231;P38936;P45954;P49840;P51649;P56524;P80404;Q01118;Q02218;Q03181;Q07869;Q13547;Q14524;Q15858;Q8WUI4;Q92769;Q969S8;Q96DB2;Q99250;Q9BY41;Q9NY46;Q9UBN7;Q9UI33;Q9UKV0;Q9UQD0;Q9UQL6;Q9Y5Y9
DB00315,P08908;P28221;P28222;P28223;P28566;P30939;P34969;P41595
DB00316,P23219;P23975;P31645;P35354;Q15185;Q8NER1
DB00317,P00533
DB00322,P04818;P12461
DB00325,P16066;Q02108;Q02153
DB00331,O00763;P21695;Q16134;Q9Y478
DB00332,P08172;P11229;P20309
DB00334,P07550;P08172;P08173;P08588;P08908;P11229;P13945;P14416;P14867;P18507;P20309;P21728;P21917;P21918;P28221;P28222;P28223;P28335;P28566;P30939;P31644;P34903;P35348;P35367;P35368;P35462;P46098;P47869;P50406;Q8N1C3;Q99928
DB00337,P42345;P62942;Q08209
DB00338,P20648;P35869;P51164
DB00339,P95029;P9WGR1
DB00345,Q8TCC7
DB00347,O43497
DB00348,P32754
DB00351,P04150;P06401
DB00355,P05193
DB00356,Q12791
DB00360,P00439;P07101;P17752;P29474
DB00364,P01133;P02671;P02675;P02679;P0DJD9
DB00365,P0A0K8;P20831;P43700;P43702
DB00367,P03372;P04150;P04278;P06401;P10275;P18405
DB00368,P00439;P07550;P08588;P08913;P13945;P18089;P18825;P25100;P35348;P35368;P54219;Q05940
DB00369,P04293;P08546
DB00371,O00591;O14764;P14867;P18505;P18507;P28472;P31644;P34903;P47869;P47870;P48169;P78334;Q02156;Q16445;Q8N1C3;Q99928;Q9UN88
DB00372,P14416
DB00374,P43116;Q03181;Q13258;Q9H244
DB00378,P06401
DB00380,P11388;Q02880
DB00385,P11388;Q02880
DB00388,P14416;P25100;P35348;P35368
DB00389,P07202
DB00390,P05023;P05026;P13637;P14415;P50993;P54709;Q6ZQN7
DB00393,O00305;O60840;P08235;P35869;P54284;Q01668;Q02641;Q08289;Q13698;Q13936
DB00394,P04150
DB00395,P14867;P18507;P31644;P34903;P47870
DB00396,P03372;P04150;P04278;P05093;P06401;P08235;P10275;P41145;Q92731
DB00397,P07550;P08588;P08913;P18089;P18825;P21728
DB00398,P00533;P04049;P07949;P09619;P10721;P11362;P15056;P17948;P35916;P35968;P36888
DB00399,O95749;P14324
DB00402,O00591;O14764;P14867;P18505;P18507;P28472;P30536;P31644;P34903;P47869;P47870;P48169;P78334;Q16445;Q8N1C3;Q99928;Q9UN88
DB00405,P35367
DB00407,P01008;P05546
DB00409,P14416;P21917;P28223;P35462;Q99720
DB00410,P41972
DB00411,P08172;P08173;P11229;P20309;Q15822
DB00413,P08908;P08913;P14416;P21917;P35462
DB00416,P17787;P43681;Q15822
DB00419,Q16739
DB00421,O00305;O00555;O60840;O75469;P03372;P04150;P06401;P08235;P10275;P54284;Q01668;Q02641;Q08289;Q13698;Q13936;Q92731
DB00426,P04293
DB00428,O60502;P11168;Q89ZI2
DB00431,O75311;O75469;P03372;P06401;P18505;P23415;P23416;P24046;P28472;P48167
DB00432,P04818;P12461
DB00433,P08913;P14416;P18089;P18825;P25100;P35348;P35367;P35368
DB00435,P14902;P29474;P33402;Q02108;Q02153
DB00437,P47989
DB00439,P04035
DB00444,P11388;Q02880
DB00445,P11388;Q02880
DB00446,P08174;P0ADY7
DB00448,P10636;P20648
DB00451,P05106;P06756;P10827;P10828
DB00452,P0A7S3;P61073
DB00456,P00811;P15555
DB00462,P08172;P11229;P20309
DB00464,P04070;P07225
DB00467,P11388;P43700;P43702;Q02880
DB00469,P23219;P35354
DB00471,Q9Y271
DB00479,P0A7S3
DB00483,P08172;P08912;P11229;P22303;Q15822
DB00490,P08908;P14416;P21917;P25100;P35348;P35368;P35462
DB00491,O43451;P10253;Q14697;Q8TET4
DB00492,P12821
DB00493,P46059;Q16348;Q4U2R8;Q8TCC7;Q9NSA0;Q9Y694
DB00495,P03366;P36888;Q72547
DB00499,O75469;P10275;P35869
DB00501,P25021
DB00503,O75469;P03366
DB00509,P07202;P10827;P10828
DB00511,P05023
DB00513,P00747;P00750;P08519
DB00515,O00244;P01023
DB00517,P08172;P08912;P11229;P20309
DB00518,F1L7U3;P68371;P83223;Q71U36
DB00529,P04293;P08546
DB00531,O75469
DB00533,P35354
DB00534,P51649;Q13621
DB00535,P05164
DB00536,P05091;P53608;P78352
DB00544,P04818;P12461;Q12882
DB00548,P00582;P14679;P18405;P31213;P51857;P66010;Q9H8P0
DB00550,P07202
DB00551,P39900
DB00552,P00813
DB00555,O00591;O14764;P02708;P08588;P08913;P14416;P14867;P18505;P18507;P21728;P21918;P28223;P28472;P29274;P30542;P31644;P34903;P35348;P35367;P35498;P35499;P41145;P42261;P46098;P47869;P47870;P48169;P78334;Q01118;Q14524;Q15858;Q15878;Q16445;Q8N1C3;Q99250;Q99928;Q9NY46;Q9UI33;Q9UN88;Q9UQD0;Q9Y5Y9
DB00560,P0A7S3;P0A7S9;P0A7U3;P0A7X3
DB00562,O43570;P00915;P00918;P07451;P22748;P23280;P35218;P43166;P55017;Q16790;Q8N1Q1;Q9ULX7;Q9Y2D0
DB00563,P00374;P04818;P31939;P41440;Q96NT5
DB00569,P00742;P01008
DB00577,P04293
DB00581,P06864
DB00583,O43772;O76082;P05164;P23141;P23786;P43155;P47989;P50416;Q8N8R3;Q92523;Q9H015;Q9UKG9
DB00585,P25021
DB00586,P23219;P35354
DB00592,P28472
DB00593,O43497
DB00594,P00749;P19634;P37088;P51168;P51170;P51172;P78348;Q16515
DB00595,P0A7X3
DB00599,O00519;P14867;P20309;P31644;P34903;P36544;P42262;P43681;P47869;P48169;Q13002;Q16445
DB00602,G5EBR3;Q17328
DB00603,O00591;O14764;P03372;P06401;P08183;P14867;P18505;P18507;P28472;P31644;P34903;P47869;P47870;P48169;P78334;Q16445;Q8N1C3;Q99928;Q9UN88
DB00606,P00915;P00918;P07451;P22748;P23280;P35218;P43166;Q16790;Q6FHJ7;Q8N1Q1;Q9ULX7;Q9Y2D0
DB00608,P09210;P09429;P09488;Q8ILQ7;Q9BYF1;Q9NR96
DB00609,P9WGR1;Q16236
DB00610,P14416;P35348
DB00611,P35372;P41143;P41145
DB00617,O43497;Q9P0X4
DB00618,P30518
DB00621,P10275
DB00623,P0DP23;P0DP24;P0DP25;P10275;P14416;P21728;P28222;P28223;P28335
DB00624,P03372;P08235;P10275
DB00625,P03366;Q72547
DB00626,P01023;P14735
DB00627,P40261;P49019;Q8TDS4;Q96PD7
DB00629,P08913;P18089
DB00630,P14324;P23469;P29074;P38606;Q13332
DB00631,P09884;P23921;P31350;Q7LG56
DB00632,P03200;P68344
DB00635,P04150
DB00639,P10613
DB00640,P0DMS8;P29274;P29275;P30542
DB00642,P00374;P04818;P12461;P22102;P31939
DB00643,P68371;Q71U36
DB00648,P03372;P06401;P10109;P10275;P15538
DB00649,P03366;Q72547
DB00650,P00374;Q96NT5
DB00651,P27815;P29274;P30542;Q07343;Q08493;Q08499
DB00653,O00305;O00555;O60840;P54284;Q01668;Q02641;Q08289;Q13698;Q13936
DB00655,P03372;P04278;P10275;P11511;Q92731
DB00656,P08908;P08909;P08913;P28223;P28335;P31645;P35348;P35367
DB00657,P17787;P36544;P43681;Q15822
DB00659,O15399;O60391;P41594;Q05586;Q12879;Q13224;Q14957;Q8TCU5;Q9UBS5
DB00669,P08908;P28221;P28222;P30939
DB00673,P25103
DB00677,P06276;P22303
DB00678,P30556
DB00680,Q14524
DB00694,P11388;Q02880
DB00696,P08908;P08913;P14416;P18825;P21728;P21918;P25100;P28221;P28222;P28223;P28335;P30939;P35348;P35368;P41595
DB00700,P08235
DB00701,P03366
DB00703,P00915;P00918;P07451;P22748;P43166
DB00704,P35372;P41143;P41145;Q99720
DB00705,P03366;Q72547
DB00707,P01130;P12314
DB00709,P03366;Q72547
DB00710,O95749;P14324
DB00711,P23219
DB00713,P46059;Q16348
DB00717,P04150;P06401;P10275
DB00720,P05141;P12235;P12236
DB00727,P00533;P16066;Q02108;Q02153
DB00728,P08172;P46098;Q15822
DB00730,P00363
DB00733,P06276;P22303
DB00736,O94760;P20648;P51164
DB00738,O14717;Q15661
DB00740,Q14524;Q9UI33;Q9UPY5
DB00741,P04083;P04150
DB00746,P05067
DB00747,P08172;P08173;P08912;P11229;P14410;P17787;P20309;P43681
DB00749,P19793;P23219;P35354
DB00752,P21397;P27338
DB00753,O00591;O14764;P0DP23;P0DP24;P0DP25;P14867;P17787;P18505;P18507;P23415;P28472;P30049;P31644;P34903;P42261;P43681;P47869;P47870;P48169;P78334;P98194;Q09470;Q16445;Q8N1C3;Q99928;Q9UN88
DB00756,O14521;P00367;P03372
DB00758,Q9H244
DB00759,P02359;P0A7U3
DB00763,P07202
DB00769,P04150
DB00770,P21731;P35408;P43116;Q9Y5Y4
DB00772,P06276;P22303
DB00773,P11388;Q02880
DB00778,P08183
DB00780,P21397;P24298;P27338;P80404;Q8TD30;Q9UGI5
DB00783,O75469;P03372;P43681;Q14457;Q92731;Q99527
DB00785,P07550;P08172;P08588;P13945
DB00787,P04293;P09252
DB00789,P52209
DB00790,P12821;Q6FHJ7
DB00797,P08913;P14416;P18089;P18825;P25021;P35348;P35367
DB00804,P08172;P11229;P20309
DB00808,P51787;P55017
DB00811,P12268;P20839
DB00814,P23219;P35354
DB00818,O00591;O14764;P14867;P18505;P18507;P28472;P31644;P34903;P35499;P47869;P47870;P48169;P78334;Q16445;Q8N1C3;Q99250;Q99928;Q9UN88
DB00819,O43570;P00915;P00918;P07451;P22748;P29972;P43166;Q9ULX7
DB00821,P23219;P35354
DB00822,P05091;P09172;P51648
DB00823,P03372;P06401
DB00824,P0DMS8;P27815;P29274;P29275;P30542;Q07343
DB00825,O00305;O00555;O60840;O75762;P41145;P54284;Q01668;Q02641;Q08289;Q13698;Q13936;Q7Z2W7;Q8NET8
DB00835,P08172;P08173;P08912;P11229;P20309;P35367
DB00844,P35372;P41143;P41145
DB00845,P22001;P37231
DB00847,P49146
DB00848,P05186;P10696;P32297;P48181;Q23022;Q27218;Q9N587
DB00850,P0DP23;P0DP24;P0DP25;P14416;P21728
DB00851,P52209;Q14181
DB00852,P01100;P05412;P07550;P08588;P08913;P14416;P15336;P17544;P18846;P18847;P18848;P18850;P19838;P23975;P31645;P35348;Q01959;Q8WYK2;Q9Y2D1
DB00860,P04150
DB00862,O76074
DB00863,P22303;P25021
DB00864,P62942;Q08209
DB00868,Q14524
DB00869,P00915;P00918;P07451;P22748
DB00870,P23219;P35354
DB00875,P11229;P14416;P21728;P21917;P28223;P28335;P35348;P35462
DB00877,P42345
DB00879,P03366;Q72547
DB00880,P00915;P00918;P55017
DB00883,P16066
DB00884,P14324
DB00885,P35367
DB00893,P02792;P02794
DB00894,P11511
DB00896,P04150;P11474
DB00898,A5X5Y0;O00591;O14764;O95264;P14867;P17787;P18505;P19320;P22303;P23415;P23416;P28472;P30532;P30926;P31644;P32004;P32297;P34903;P36544;P40394;P42261;P42262;P42263;P43681;P46098;P47869;P47870;P48051;P48058;P48169;P48544;P48549;P78334;Q01668;Q02641;Q05901;Q13698;Q13936;Q14542;Q15822;Q15825;Q16445;Q70Z44;Q8N1C3;Q8TCU5;Q8WXA8;Q92806;Q99808;Q99928;Q9GZZ6;Q9UGM1;Q9UN88
DB00900,P00491;P03366;Q72547
DB00903,P05023;P09211;Q13621;Q9UJU2
DB00906,P30531
DB00910,P11473
DB00915,P14416;P32297;P36544;P43681;Q8TCU5
DB00917,P35408;P43116;Q9Y5Y4
DB00918,P28221;P28222
DB00919,P0A7S3
DB00921,P35372;P41143;P41145;P41146
DB00922,P63316;Q14432;Q14654;Q15842
DB00927,P25021
DB00928,P26358
DB00929,P35408;P43116
DB00939,O43525;O43526;P23219;P35354
DB00943,P03366;Q72547
DB00947,P03372
DB00951,P05177;P08684;P10632;P33261;P9WGR1;P9WNX1
DB00955,P0A7S3
DB00957,P03372;P06401;P10275
DB00959,P04083;P04150
DB00962,P14867
DB00963,P23219;P35354
DB00975,O76074;P00813;P27815;P53805;Q9Y233
DB00977,O75469;P03372
DB00985,P35367
DB00986,P08172;P08173;P08912;P11229;P20309
DB00988,O95264;P00441;P08908;P09172;P14416;P21728;P21917;P21918;P23975;P31645;P34969;P35462;P46098;Q01959;Q05940
DB00990,P11511
DB00993,P63000;Q06203
DB00994,P0A7S3;P41180
DB00995,O14920;O95718;P11474;P62508
DB00996,A0A024R8I1;O43525;O75899;P30542;P54289;Q00975;Q9NR82;Q9NY47;Q9UBS5
DB00997,P11387;P11388;Q02880
DB00999,P12821;P55017;Q12791
DB01004,P04293
DB01005,P23921;P31350
DB01006,P11511
DB01007,P10613;Q16850
DB01010,P06276;P22303
DB01016,O60706;O95342;O95477;P13569;P50416;Q09428;Q14654;Q15842;Q8TD43
DB01017,O15264;P0A7X3;P14780;P27361;P28482;P29466;P31152;P35228;P42574;P45983;P45984;P53778;P53779;P99999;Q13164;Q15759;Q16539;Q16659;Q8TD08
DB01018,P08913;P18089
DB01019,P08172;P08173;P08912;P11229;P20309
DB01020,P33402
DB01021,P00915;P00918;P05023;P22748;P55017;Q13621
DB01023,O95180;P02585;P08235;P0DP23;P0DP24;P0DP25;P54289;P54750;P63316;Q01064;Q01668;Q08289;Q13698;Q13936;Q9NY47
DB01026,O75469;P05093;P08686;P10275;P10613;P50859;Q12809;Q14994
DB01028,O00591;O14764;P14867;P18505;P18507;P23415;P28472;P31644;P34903;P42261;P47869;P47870;P48169;P78334;P98194;Q09470;Q16445;Q8N1C3;Q99928;Q9UN88
DB01031,P00915;P00918
DB01033,P00492;P12268;P20839;Q06203
DB01037,P21397;P25103;P27338
DB01043,O00591;O14764;O15399;O60391;P14416;P14867;P18505;P18507;P28472;P31644;P34903;P36544;P46098;P47869;P47870;P48169;P78334;Q05586;Q12879;Q13224;Q14957;Q16445;Q8N1C3;Q8TCU5;Q99928;Q9UN88
DB01045,O75469;P9WGY9
DB01046,P51788
DB01048,P03366;Q72547
DB01049,A5X5Y0;O95264;P07550;P08588;P08908;P08913;P13945;P14416;P18089;P18825;P21728;P21917;P21918;P25100;P28221;P28222;P28223;P28335;P28566;P30939;P34969;P35348;P35368;P35462;P41595;P46098;P50406;Q13639;Q70Z44;Q8WXA8
DB01050,P07204;P07359;P10415;P12104;P13569;P23219;P25024;P25025;P35354;P37231;Q07869
DB01053,P46059;Q16348;Q8TCC7
DB01054,O00305;O00555;O15554;O60840;O95180;P54284;P54289;Q01668;Q02641;Q08289;Q12791;Q13698;Q13936;Q92952;Q9H2S1;Q9NY47;Q9UGI6
DB01057,P06276;P22303
DB01058,O60760
DB01070,P11473
DB01072,P03366
DB01073,P00813;P09884;P23921
DB01074,P23786;P50416;Q12809;Q92523
DB01077,P05141;P12235;P12236;P38606;Q13332
DB01078,P05023
DB01079,P28223;P28335;P41595;Q13639
DB01080,P80404
DB01082,P0A7S3
DB01083,P07098;P21554;P49327
DB01084,P35367
DB01085,P08172;P08173;P08912;P11229;P20309
DB01086,Q9Y5Y9
DB01088,P00750;P27815;P43116;Q07343;Q08493;Q08499;Q9Y5Y4
DB01090,P30926;P32297;P43681;Q9GZZ6
DB01092,P05023;P13637;P50993
DB01093,P01106
DB01098,P04035;P20701
DB01099,P12461;P26358
DB01101,P04818;P12461
DB01104,O00264;P23975;P31645;Q01959;Q7RTT9;Q99720
DB01105,P23975;P31645;Q01959
DB01107,O00591;O14764;P14867;P18505;P18507;P28472;P31644;P34903;P47869;P47870;P48169;P78334;Q16445;Q8N1C3;Q99928;Q9UN88
DB01108,P03372;P14060;P26439;Q92731
DB01109,O95750;P00742;P01008;P11362;P14210;P16109;P21802;P22455
DB01110,O00305;O15554;O43525;O43526;O60840;O75469;O95259;P10613;P16389;P17658;P22001;P22459;P22460;P29474;P35228;P48050;P48547;P51787;P54284;P56696;P63252;Q01668;Q02641;Q03721;Q08289;Q09470;Q12791;Q12809;Q13303;Q13698;Q13936;Q14003;Q14500;Q14721;Q14722;Q16322;Q6PIU1;Q8NCM2;Q8TAE7;Q8TDN1;Q8TDN2;Q92952;Q92953;Q96KK3;Q96L42;Q96PR1;Q9BQ31;Q9H252;Q9H2S1;Q9H3M0;Q9NR82;Q9NS40;Q9NSA2;Q9NZV8;Q9UGI6;Q9UIX4;Q9UJ96;Q9UK17;Q9ULD8;Q9UNX9;Q9UQ05
DB01118,O00305;O60840;P07550;P08588;P10827;P10828;P13945;P37231;P54284;Q01668;Q02641;Q07869;Q08289;Q12809;Q13698;Q13936;Q9H252;Q9NS40;Q9P0X4
DB01119,P06576;P25705;P30049;P36542;P48047;Q14654
DB01122,P22303
DB01123,P00734
DB01126,P18405;P31213;Q9H8P0
DB01127,O75469;P10613
DB01128,P10275
DB01129,P20648
DB01130,O95718;P04150;P11474;P62508
DB01131,P00374;P13922
DB01133,O15342;O75348;O95670;P15313;P21281;P21283;P23469;P27449;P29350;P36543;P38606;P61421;Q05209;Q13488;Q15904;Q16864;Q8N8Y2;Q8NEY4;Q8NHE4;Q93050;Q96A05;Q96LB4;Q99437;Q9HBG4;Q9UI12;Q9Y487;Q9Y5K8
DB01143,P10696
DB01144,P00915;P00918;P07451;P22748;P43166
DB01153,P10613
DB01154,P14867;Q14654;Q15842;Q99928
DB01155,P0A0K8;P20831;P43700;P43702
DB01158,P05023;P08588
DB01159,O00591;O14649;O14764;O15554;O60391;P08100;P14867;P18505;P18507;P20020;P23415;P23634;P28472;P31644;P34903;P47869;P47870;P48051;P48169;P48549;P59768;P78334;Q01814;Q12791;Q12879;Q16445;Q16720;Q6W5P4;Q8N1C3;Q8TCU5;Q99928;Q9NPC2;Q9UN88
DB01161,P05023;P35498;P35499;Q01118;Q01959;Q14524;Q15858;Q99250;Q9NY46;Q9UI33;Q9UQD0;Q9Y5Y9
DB01166,Q14432
DB01169,O14920;P05412;P24385;P27361;P28482;P29590;P31749;P38936;Q13547;Q16881
DB01171,P21397;P27338
DB01172,P0A7S3
DB01177,P11388;Q02880
DB01178,P30536
DB01181,O75469
DB01189,O00591;O14764;O14983;O75185;P14867;P16615;P18505;P18507;P20020;P23415;P23634;P28472;P30049;P31644;P34903;P42261;P47869;P47870;P48169;P78334;P98194;Q01814;Q09470;Q16445;Q16720;Q8N1C3;Q99928;Q9UN88
DB01194,P00915;P00918;P07451;P22748;P35218
DB01195,P35499;Q12809;Q14524;Q92736
DB01196,P03372;P11137;P78559;Q92731
DB01197,P08253;P09960;P12821;P14780;P46663
DB01198,P14867;P30536;P31644;P34903;P47869
DB01200,P08908;P08913;P14416;P18089;P18825;P21728;P21917;P21918;P25100;P28221;P28222;P28223;P28335;P34969;P35348;P35368;P35462;P41595
DB01201,P9WGY7
DB01202,P46098;Q00975;Q7L0J3
DB01205,O00591;O14764;P14867;P18505;P18507;P28472;P30536;P31644;P34903;P47869;P47870;P48169;P78334;Q16445;Q8N1C3;Q99928;Q9UN88
DB01211,Q12809;Q9NPD5;Q9Y6L6
DB01212,P46059;Q4U2R8;Q8TCC7;Q9NSA0
DB01213,P00325;P00326;P04040;P07327
DB01216,P18405;P31213;P51857;Q9H8P0
DB01217,P11511
DB01218,P0DP23;P0DP24;P0DP25;P46925;Q12809
DB01220,O75469;P0A8V2
DB01222,P04083;P04150
DB01223,P0DMS8;P30542;Q14432;Q92769
DB01225,P00734;P00742;P01008
DB01233,P11229;P14416;P46098;Q13639
DB01236,O00591;O14764;O14983;O75185;P14867;P16615;P18505;P18507;P20020;P23415;P23634;P28472;P31644;P34903;P42261;P47869;P47870;P48169;P78334;P98194;Q01814;Q16445;Q16720;Q8N1C3;Q96ER9;Q99928;Q9UN88
DB01238,O15399;O60391;P07550;P08172;P08173;P08588;P08908;P08912;P08913;P11229;P14416;P18089;P18825;P20309;P21728;P21917;P21918;P25021;P28221;P28222;P28223;P28335;P28566;P31645;P34969;P35348;P35367;P35368;P35372;P35462;P41143;P41145;P41595;P46098;P47898;P50406;Q01959;Q05586;Q12879;Q13224;Q14957;Q8TCU5;Q9H3N8;Q9Y5N1
DB01240,Q16647;Q9H244
DB01243,P41145
DB01245,P02708;P17787;P22303;P43681;Q15822
DB01248,O75469;P10415;Q9H4B7
DB01254,P00519;P06239;P06241;P07947;P07948;P09619;P09769;P10721;P11142;P11274;P12931;P29317;P41240;P42684;P42685;P51692;P54756;P54760;Q06187;Q06203;Q16539;Q92570;Q9NYL2
DB01256,Q9A1X4
DB01259,O00418;P00533;P04626
DB01260,O95718;P04150;P11474;P62508
DB01261,P27487
DB01262,O15379;P26358;P56524;Q13547;Q8WUI4;Q92769;Q969S8;Q96DB2;Q9BY41;Q9UBN7;Q9UKV0;Q9UQL6
DB01264,P03366
DB01268,P07333;P08581;P09619;P10721;P16234;P17948;P35916;P35968;P36888
DB01275,P13674;Q16665
DB01278,P30988;P43220
DB01280,P09884;P18858;P23921;P49642
DB01282,P30559
DB01283,P23219;P35354
DB01299,P13922;P27338
DB01301,P0A7X3
DB01303,P27815;P29274;P30542;Q14432;Q92769
DB01319,P03366
DB01320,Q14524
DB01324,P55017
DB01327,P27169
DB01337,P08172;P20309;Q15822
DB01338,P08172;P20309;Q15822
DB01339,Q15822
DB01340,P12821
DB01348,P12821
DB01364,P07550;P08588;P14416;P23975;P35348
DB01378,P05023
DB01380,O95718;P04083;P04150;P11474;P62508
DB01382,P48048;P78508;Q09428
DB01390,O95180;Q9UK17
DB01392,P08908;P08913;P14416;P18089;P18825;P28221;P28222;P28223;P28335;P35462;P41595;P48048;P78508;Q14500;Q14654;Q15842;Q99712;Q9UNX9
DB01395,P04150;P06401;P08235;P10275
DB01396,P05023;P05026;P13637;P14415;P50993;P54709
DB01400,P22303
DB01401,P23219;P35354
DB01406,P03372;P06401;P10275;P30968;Q96P88
DB01407,P07550;P08588;P13945
DB01409,P08172;P08173;P08912;P11229;P20309
DB01410,P04150;P08185
DB01419,P23219;P35354
DB01420,P10275
DB01421,P08865;Q5SHN7;Q96L21
DB01426,Q14524
DB01436,O15528;P11473;P19793
DB01440,O75899;Q9HAB3;Q9UBS5
DB01559,O00591;O14764;P14867;P18505;P18507;P28472;P30536;P31644;P34903;P47869;P47870;P48169;P78334;Q16445;Q8N1C3;Q99928;Q9UN88
DB01576,P08913;P18089;P18825;P23975;P25100;P35348;P35368;Q01959;Q05940;Q96RJ0
DB01577,P08913;P14416;P18089;P18825;P21397;P23975;P27338;P31645;P35368;P54219;Q01959;Q05940;Q96RJ0
DB01579,P23975;P35348;P35368
DB01583,P10827;P10828
DB01586,P52895;Q96RI1;Q9UGH3
DB01590,P42345
DB01592,P02786;P02794;P39748;Q16595;Q9BY41;Q9GZT9
DB01593,O14556;O14618;O15350;O75340;O75636;P00441;P00734;P00736;P00739;P00748;P00751;P01009;P01011;P01023;P01024;P01031;P01042;P02533;P02538;P02671;P02746;P02747;P02751;P02766;P03372;P03952;P04003;P04075;P04217;P04264;P04278;P04637;P05067;P05156;P05160;P05546;P06396;P06733;P07237;P07357;P07358;P08185;P08603;P08779;P09871;P09874;P0C0L5;P13645;P13647;P14780;P14923;P15169;P15531;P15924;P16455;P20742;P20851;P22792;P23415;P27169;P29622;P30101;P35527;P35858;P35908;P46663;P46736;P46939;P49411;P51693;P56524;P60174;P68104;P78330;P80748;Q06481;Q06830;Q13547;Q9BY41
DB01599,O95477;P23141
DB01600,P23219;P35354
DB01610,P04293
DB01611,Q9BYF1;Q9NR96;Q9NYK1
DB01612,P16066
DB01613,P16066;P20594
DB01618,P08908;P11229;P14416;P28223
DB01623,P14416;P21728;P28223
DB01624,P08913;P14416;P21728;P21918;P28223;P35348;P35367
DB01626,P21397;P27338
DB01628,P35354
DB01632,P00492;P07741;P08870;P20035;Q27796;Q9NWZ5
DB01656,P27815;Q07343;Q08493;Q08499
DB01698,P16152;P42330
DB01708,O00591;O14764;O15399;O60391;O75469;P03372;P10275;P11413;P14867;P18505;P18507;P28472;P31644;P34903;P47869;P47870;P48169;P78334;Q05586;Q07869;Q12879;Q13224;Q14957;Q14994;Q16445;Q8N1C3;Q8TCU5;Q92731;Q99720;Q99928;Q9UN88
DB01718,P9WPB7;Q79FX6
DB01744,O75762;Q7Z2W7;Q8NER1;Q8NET8
DB01956,O00591;O14764;O75311;P14867;P18505;P18507;P23415;P23416;P28472;P31644;P34903;P47869;P47870;P48167;P48169;P78334;Q13224;Q16445;Q8N1C3;Q99928;Q9UBS5;Q9UN88
DB01987,P0AFG8;P23234;P27302;P27696;Q9LCV9
DB02300,P11473
DB02325,P14555;P29474;P30793;P55055
DB02530,O75899;P13612;P14867;P18507;P30531;P31644;P34903;P47869;P47870;P48066;Q9UBS5
DB02659,P00326;P00403;P04054;P09669;P10606;P14854;P15954;P20674;P23141;P51161;P62508;Q02221;Q96RI1
DB02701,P00338;P09874;Q9NXA8
DB02703,P13551
DB02772,O00244;P00811;P68133;Q59976;Q8TE23;Q9Y3I0;Q9ZEU2
DB02789,O00204;O75469;P11474
DB02893,P50579
DB03017,O00206;P0A953;P0AAI5;P11766;P14555;P41235;P98155;Q07869;Q9NZD2;Q9UNK4
DB03085,P11413
DB03088,P00091;P04746;P19961;Q9UKQ2
DB03128,P08172;P08173;P11229;P20309;P36544
DB03147,O31616;O95831;P00387;P00390;P06715;P07771;P09063;P09546;P09622;P09788;P0AEZ1;P0C278;P10902;P11310;P14218;P14920;P16219;P16435;P16640;P18925;P19480;P21397;P21890;P22570;P26440;P27338;P28593;P28861;P29475;P35340;P37062;P37063;P38038;P40859;P42593;P47989;P55789;P58558;P83223;P9WHH7;P9WIQ3;Q06319;Q12882;Q15067;Q16795;Q16881;Q47PU3;Q51225;Q52437;Q56839;Q72JJ3;Q86YB8;Q92947;Q94655;Q96RQ9;Q9AGP8;Q9KIE5;Q9RA47;Q9RC23;Q9UHQ9;Q9UKU7;Q9Z4P0
DB03193,Q07869;Q9UNK4
DB03247,O00141;O69755;O75676;P0A7E1;P0AFI7;P16099;P16435;P20932;P29475;P42593;P50740;P55038;P71278;Q02127;Q12882;Q51793;Q51990;Q53ZE5;Q969G6;Q96CD2;Q9F0J6;Q9NVS9;Q9NYQ3;Q9UJM8;Q9WXV1;Q9WZW1
DB03255,O43570;P00915;P00918;P22748;Q16790;Q9ULX7
DB03310,O60760;O75715;P00390;P07203;P08263;P09210;P09211;P09488;P18283;P21266;P22352;P28161;P36969;P46439;P59796;Q03013;Q8TED1;Q96SL4
DB03312,P04183;Q91CQ6
DB03615,P07237;P0A7S3
DB03619,O60760;P08263;P09210;P09211;P09488;P12004;P21266;P25553;P28161;P31224;P46439;Q03013;Q03736;Q7Z2Z2;Q96RI1
DB03754,P05067;P17707
DB03756,P01106;P19793;P23219;P28702;P35354;P36956;P37231;P48443;Q07869
DB03766,P96965;Q9NQX3
DB03793,O31168;P14920;P46059;P51151;P96965
DB03796,O43617;P02689;P08100;P10632;P15090;P50897;Q01469;Q07869;Q14541
DB03843,O75762;P15555
DB03904,P00378;P00918;P05089;P35222;Q8XB74
DB03929,P23415;P29508;Q05586
DB04160,P14324;P22939
DB04209,A5U4F6;P05129;P05771;P0DP23;P0DP24;P0DP25;P17252;P29973;P41743;P98170;Q02156;Q04759;Q05513;Q05655;Q12791;Q16280;Q92952;Q9H2S1;Q9UGI6
DB04221,P9WPB5
DB04224,P02689;P07148;P15090;P19793;P37231;Q03181;Q07869
DB04272,A0A5P8YJZ1;O14964;O34002;O75390;P04079;P05042;P07741;P10613;P12931;P15086;P15121;P32427;P38516;P39126;P40926;P44725;P46849;P62312;P9WN38;P9WN39;Q96RQ9;Q9BY32;Q9GV41;Q9GZU7;Q9HBA0;Q9HU22;Q9LCX9;Q9WZ40;Q9WZW1;Q9X0N8
DB04339,Q14145;Q16236;Q63HM9
DB04348,P19835;P51161;Q12908;Q96RI1
DB04398,P09546
DB04465,P00722;P16278;P17931;P26514;Q7SI98;Q9NZD2
DB04540,P11473;P35398;Q14994;Q9ULY5;Q9Y5K3
DB04564,P09848
DB04573,P03372;P04278;Q92731
DB04657,P31040
DB04703,Q00975;Q96GD4
DB04743,P35354;Q9NZK7
DB04812,P24752
DB04813,P03372;P17655;Q92731
DB04815,P41145
DB04832,P21397;P27338;P31645
DB04834,P08172
DB04835,P51681
DB04839,P07288;P10275
DB04845,Q13509
DB04854,P47989
DB04855,O00305;O60840;O95069;P08588;P08913;P10827;P18089;P18825;P22460;P25100;P32418;P35348;P35368;P48050;P48549;P51787;P54284;P63252;Q01668;Q02641;Q08289;Q12809;Q13698;Q13936;Q14500;Q14524;Q9UK17;Q9UNX9
DB04865,P20276;P39023
DB04871,P28335
DB04876,P27487
DB04880,Q14432
DB04898,P00734
DB04908,P08908;P21917;P28223
DB04920,O60840;Q01668;Q13698;Q13936
DB04941,P13569;Q5XXA6
DB04953,O43525;O43526;P56696;Q9NR82
DB05013,P17252;Q05655
DB05018,P06280
DB05057,Q9UNI1
DB05087,O00591;O14764;P14867;P18505;P18507;P28472;P31644;P34903;P47869;P47870;P48169;P78334;Q16445;Q8N1C3;Q99928;Q9UN88
DB05154,A0A0T9AZ62;P95029;P9WGR1;P9WJY5;P9WPB3;P9WPB5;P9WPB7
DB05239,Q02750
DB05260,P21281;P31350
DB05271,P08908;P14416;P18089;P21728;P21917;P21918;P35462
DB05351,O94760;P20648;P51164
DB05381,P25021;P35367;Q05940;Q9H3N8;Q9Y5N1
DB05382,Q92911
DB05389,Q7L5Y9;Q86VB7
DB05521,O94956;Q9Y6L6
DB05541,P35498;P35499;Q01118;Q14524;Q15858;Q7L0J3;Q99250;Q9NY46;Q9UI33;Q9UQD0;Q9Y5Y9
DB05630,P11387
DB05667,P05093;P05108;P15538;P19099;Q16850
DB05676,P11802;Q00534;Q86V67
DB05812,P05093
DB05990,Q96RI1
DB06016,P08908;P14416;P28223;P28335;P35348;P35367;P35462;P41595
DB06119,P14867;P35498;P35499;Q01118;Q14524;Q15858;Q99250;Q9NY46;Q9UI33;Q9UQD0;Q9Y5Y9
DB06145,Q9A1X4
DB06151,O14920;O15111;O15399;P48637;Q03154;Q05586;Q12879;Q13224;Q8TCU5;Q9UPY5
DB06155,P21554;Q9Y2T6
DB06176,O15379;P33527;P56524;Q13547;Q8WUI4;Q92769;Q969S8;Q96DB2;Q9BY41;Q9UBN7;Q9UKV0;Q9UQL6
DB06213,P29274
DB06228,P00742
DB06243,P11926
DB06268,P24530;P25101
DB06287,P42345
DB06335,P27487
DB06402,P32297;P34998;Q15822
DB06410,P11473
DB06412,P10275
DB06414,P03366;P04585;Q72547
DB06439,P19838;Q00653
DB06441,Q9H244
DB06448,P49354;P49356
DB06616,P00519;P07948;P08631;P09769;P12931;P36507;P42680;Q02750;Q13555;Q9H2G2;Q9Y2U5
DB06626,P00519;P17948;P35916;P35968
DB06636,P50859
DB06637,P16389;P17658;P22001;P22459;P22460;P48547;Q09470;Q14003;Q14721;Q16322;Q92953;Q96PR1;Q96RP8;Q9NSA2;Q9NZV8;Q9UK17
DB06684,P08908;P31645
DB06689,P00748
DB06697,P05023
DB06698,P35367;Q9Y5N1
DB06700,P23975;P31645;Q01959
DB06704,P23975
DB06706,P35348;Q05940
DB06707,P08913;P18089;P18825;P25100;P35348;P35368
DB06708,P05023
DB06709,P08172;P08173;P08912;P11229;P20309
DB06710,P03372;P10275
DB06712,O00305;O43497;O60840;O95180;P54284;P54289;Q01668;Q02641;Q08289;Q13698;Q13936;Q8IZS8;Q9P0X4
DB06713,P06401;P10275
DB06714,P18825;Q05940;Q96RJ0
DB06716,P28472;P47870
DB06717,P25103
DB06718,P10275
DB06725,P23219;P35354
DB06736,P23219;P35354
DB06754,P01008
DB06756,Q93088
DB06757,P04179;P05089;P15104;P35558;P36873;P50213;P51553;Q15750;Q16822
DB06775,P31327
DB06777,O75469;P52895;Q96RI1
DB06779,P01008;P16109
DB06780,P08235
DB06782,P05067
DB06787,P08172;P08173;P11229;P20309
DB06789,P06401
DB06797,Q99928
DB06800,P32245;P35372;P41145
DB06809,P61073
DB06815,P51787
DB06819,O15379;P17252;P56524;P95468;Q13547;Q8WUI4;Q92769;Q969S8;Q96DB2;Q9BY41;Q9UBN7;Q9UKV0;Q9UQL6
DB06820,P50859
DB06822,P01008;P13612
DB06824,Q9ULX7
DB08604,A0A6L8PBX8;O24990;O75469;P07202;P0AEK4;P10275;P37231;P9WGR1;Q14994;Q6GI75
DB08804,P01100;P08069;P10275;P14416;P21728;P21917;P21918;P28222;P28223;P28335;P35462;P41595
DB08809,O43708;Q15118
DB08813,P01008;P01100;P01106;P16109
DB08815,P08908;P08913;P14416;P18825;P28223;P34969
DB08816,Q9H244
DB08818,O14594;P13611;P98066;Q14520;Q5JVS0;Q6UX15;Q8WWQ8;Q9BZV3
DB08824,Q01959
DB08828,Q99835
DB08834,P08648
DB08862,P01133;P04049;P05771;P27361;P32238;P32239
DB08864,O75469;P03366;Q72547;Q9Y5Y9
DB08865,P08581;P08922;Q04912;Q9UM73
DB08871,P10415;Q9H4B7
DB08872,P54289;Q9NY47;Q9Y289
DB08877,O60674;P23458;P29597;P52333
DB08880,P04035;Q02127;Q08210
DB08881,P15056
DB08889,P20618;P28062;P28065;P28074;P40306;P49721
DB08893,P08588;P13945
DB08895,O60674;P23458;P29597;P52333
DB08896,P00519;P04049;P04629;P07949;P09619;P10721;P11362;P15056;P16234;P17948;P21802;P29317;P35916;P35968;P42685;Q02763;Q15759;Q16832
DB08897,P08172;P08173;P08912;P11229;P20309
DB08899,P10275
DB08905,P11511
DB08908,Q14145
DB08911,P36507;Q02750
DB08912,P04049;P15056;P53667;P57059;Q8NG66
DB08916,P00533;P04626;Q15303
DB08931,P33402;Q02846
DB08932,P24530;P25101
DB08933,P10613
DB08943,P05093
DB08964,P43116
DB09009,P35498;P35499;Q01118;Q14524;Q15858;Q99250;Q9NY46;Q9UI33;Q9UQD0;Q9Y5Y9
DB09016,P28223;P31645;P35367
DB09019,O15393;Q9BYF1
DB09030,P25116
DB09031,P04054;P08183
DB09048,P25103
DB09049,P35372
DB09063,Q9UM73
DB09064,Q07869
DB09070,P03372
DB09072,O75899;Q9HAB3;Q9UBS5
DB09073,P11802;Q00534
DB09075,P00742
DB09078,P07949;P10721;P11362;P16234;P17948;P21802;P22455;P22607;P35916;P35968
DB09082,P07550
DB09085,P21817;P35498;P35499;Q01118;Q14524;Q15858;Q92736;Q99250;Q9NY46;Q9UI33;Q9UQD0;Q9Y5Y9
DB09086,P03372;P10275;P27338;Q8NET8;Q92731
DB09090,Q13698
DB09091,P04150;Q92769
DB09092,P04406;P39023;P40926;P50213;Q02218;Q13423
DB09093,P02359;P0A7U3;P29422;P54762;P84077
DB09112,P02144
DB09116,P00352;P05091;P30837;P48448
DB09121,O95622;Q08462;Q08828
DB09123,P06401;P10275
DB09124,P06401
DB09128,P08908;P11229;P14416;P18825;P25100;P28223;P34969;P35348;P35367;P35368;P35462;P41595
DB09129,P06213
DB09130,O00299;O60701;O75880;P00338;P00387;P00390;P00558;P00734;P00739;P00747;P01008;P01009;P01024;P01031;P01042;P02747;P02748;P02749;P02750;P02766;P04003;P04217;P04264;P04406;P05067;P05121;P05155;P05156;P05452;P05543;P05546;P05787;P06396;P06733;P06744;P07237;P07358;P07437;P07900;P08185;P08603;P08697;P08758;P08865;P09525;P09871;P0C0L5;P0DPH7;P0DPH8;P10809;P11021;P11142;P12814;P13645;P14550;P14618;P14625;P14866;P15531;P15880;P17174;P22626;P23246;P23415;P23526;P23528;P27169;P27797;P29401;P29622;P30041;P30086;P30101;P31942;P31943;P31946;P31948;P32119;P35527;P35858;P35908;P36955;P42858;P43487;P45973;P48637;P48723;P50213;P51693;P51858;P51884;P56537;P60842;P62807;P62937;P63244;P63261;P68104;Q03154;Q06323;Q06830;Q07955;Q08288;Q15185;Q15428;Q99497
DB09131,P04070
DB09140,Q9Y5S8
DB09149,P05067
DB09151,P05067
DB09154,P22748
DB09158,P18031
DB09195,P08913;P18089;P18825;P25100;P28223;P28335;P31645;P35348;P35367;P35368
DB09212,P23219;P35354
DB09213,P00750;P07204;P07359;P10415;P12104;P13569;P23219;P35354;P37231;P46059;Q07869
DB09220,O60706
DB09225,P14416;P21728;P21918;P23975;P28223;P31645;P34969;P50406
DB09241,P29475;P33402
DB09242,P08913;P18089;P18825;Q9Y2I1
DB09256,P04818
DB09257,Q12882
DB09258,P00742;P01008;P05546
DB09266,P22897
DB09270,P31040
DB09275,O25926
DB09282,P33402
DB09299,I6TLU5;P03366;Q72547
DB09300,P08172;P08912;P20309
DB09317,P03372
DB09318,P03372
DB09327,P04818;Q12882
DB09332,P00734;P00740;P00742;P04070;P07225;P08709
DB09345,P35498;P35499;Q01118;Q14524;Q15858;Q99250;Q9NY46;Q9UI33;Q9UQD0;Q9Y5Y9
DB09352,Q96RJ0
DB09369,P03372
DB09371,P03372;P04278;P10275
DB09383,P04150
DB09389,P06401;P10275;P18405
DB09401,O75343;P33402;Q02108;Q02153
DB09409,O15399;O60391;Q05586;Q12879;Q13224;Q14957;Q8TCU5
DB09418,Q92911
DB09421,P34981
DB09460,P00915;P00918;P22748;Q16790
DB09462,O14717;O43252;O43708;P00325;P17050;P17802;P23367;P69924;P84077;Q03181;Q14643;Q9NPH2;Q9NZK7
DB09472,P00915;P00918
DB09481,O15399;O60391;Q05586;Q12879;Q13224;Q14957;Q8TCU5
DB09517,P02792
DB09526,P05106;P08514;P14679;Q9Y271
DB09536,Q9UEW3
DB09539,P36956
DB09543,O75762
DB09552,P21283
DB09555,P35367
DB09568,P30084;Q16836;Q96PD7;Q99714;Q9GZR5
DB09570,P28074
DB11059,P11166
DB11077,P22413;Q9BUP3
DB11081,P00367
DB11085,O43570;P00918;P07202;P23219;Q9ULX7
DB11090,Q12809
DB11091,P18031
DB11093,O14958;O75340;O75838;P09486;P0DP23;P0DP24;P0DP25;P13693;P22676;P27797;P27824;P28676;P30626;P31415;P35556;P41180;P62166;P80303;Q02818;Q13938;Q75N90;Q86UW7;Q96L12;Q99653;Q99828;Q9UBV8;Q9ULB1;Q9ULU8
DB11094,P11473
DB11117,P07384
DB11120,P28482
DB11124,P07550;P08588;P08913;P13945;P18089;P18825;P25100;P35348;P35368
DB11130,P35372;P41143;P41145
DB11132,Q9UEW3
DB11133,P36956;P37231;Q07869
DB11136,P00167
DB11145,P50579
DB11148,O00305;O00555;O43497;O60840;O75762;O95180;P48048;P54284;P54289;P78508;Q00975;Q01668;Q02641;Q08289;Q13698;Q13936;Q14500;Q14654;Q15842;Q15878;Q7Z3S7;Q8IZS8;Q99712;Q9HBA0;Q9NY47;Q9P0X4;Q9UNX9
DB11155,Q6GI75
DB11156,P11229;Q9HC97
DB11186,P35372;P35498;P35499;P41145;Q01118;Q12809;Q14524;Q15858;Q99250;Q99720;Q9NY46;Q9UI33;Q9UQD0;Q9Y5Y9
DB11219,P03372;P06401;P10275;Q92731
DB11254,P11387;P14679
DB11273,A5X5Y0;O95264;P07550;P08588;P08908;P08913;P13945;P18089;P18825;P25100;P28221;P28222;P28223;P28335;P28566;P30939;P34969;P35348;P35368;P41595;P46098;P50406;Q13639;Q70Z44;Q8WXA8
DB11274,P14416;P21728;P21918;P34969;P35462;P41595
DB11275,P14416;P21728;P21917;P21918;P35462
DB11278,P07550;P08588;P08913;P13945;P18089;P18825;P25100;P35348;P35368
DB11315,P08172;P20309
DB11327,P35228;P35354
DB11348,O14958;O75340;O75838;P09486;P0DP23;P0DP24;P0DP25;P13693;P22676;P27797;P27824;P28676;P30626;P31415;P35556;P41180;P62166;P80303;Q02818;Q13938;Q75N90;Q86UW7;Q96L12;Q99653;Q99828;Q9UBV8;Q9ULB1;Q9ULU8
DB11363,Q9UM73
DB11386,Q12809
DB11431,Q25634
DB11496,P07202
DB11560,Q96S37;Q9NSA0
DB11577,P08913;P18089;P18825;P25100;P35348;P35368
DB11586,P03366
DB11587,P07550
DB11588,P02144
DB11596,P0A827
DB11605,O75469;Q07869;Q96RI1
DB11611,P20701
DB11619,P03372;P04150;P04278;P06401;P10275;P30968
DB11629,P04035;P21731;P43116;Q13258;Q9Y5Y4
DB11633,P22460;P48051;P50859;P51787;Q12809;Q13936;Q14524;Q14654;Q92806;Q9UK17
DB11635,P08183
DB11638,A0A143ZZK9;C0H4L1;C0H4V6;C0H4X5;C0H4Y6;C0H546;C0H5C2;C0H5H0;C6KSR5;C6KT34;C6KTA4;O00299;O14556;O75964;O77323;O77361;O96221;O97313;P00338;P00558;P04075;P04350;P04406;P04792;P06733;P06744;P07195;P07237;P07355;P07437;P08670;P08708;P09382;P09493;P11142;P11413;P13568;P13830;P14223;P14618;P14642;P15924;P17844;P20035;P21291;P21333;P22626;P23246;P23528;P25705;P27635;P27816;P34897;P35579;P36578;P37108;P37802;P38545;P39019;P40925;P42766;P46781;P46782;P46925;P46940;P48047;P49368;P49419;P50250;P50914;P55786;P60174;P61978;P62241;P62269;P62277;P62316;P62750;P62753;P62937;P63261;P68104;P86287;P99999;Q00080;Q01995;Q02155;Q06830;Q07020;Q08170;Q08853;Q13838;Q14103;Q15637;Q15942;Q16555;Q27743;Q5R2K6;Q5SSJ5;Q6LFH8;Q71U36;Q76NM6;Q76NN7;Q7K6A4;Q7KQK0;Q7KQL5;Q7KQM4;Q8I0V4;Q8I0X2;Q8I3T9;Q8I3Z5;Q8I431;Q8I4W4;Q8I5G6;Q8I5H4;Q8I5Y3;Q8IAW0;Q8IB72;Q8IBI3;Q8IBN5;Q8IBS5;Q8IC05;Q8ID50;Q8IDD3;Q8IDH5;Q8IDI5;Q8IDP1;Q8IDP8;Q8IDQ9;Q8IDV0;Q8IE67;Q8IE82;Q8IEM3;Q8IEN3;Q8IHS5;Q8II73;Q8IIA4;Q8III5;Q8IIJ9;Q8IIR9;Q8IJ60;Q8IJA9;Q8IJC6;Q8IJK8;Q8IJN7;Q8IJR6;Q8IJT2;Q8IKF0;Q8IKH8;Q8IKK7;Q8IKL4;Q8IKM5;Q8IKW5;Q8IL80;Q8IL88;Q8ILE8;Q8ILF7;Q8ILK3;Q8ILV2;Q8IM15;Q8IM16;Q92945;Q9BUF5;Q9TY94
DB11640,Q09470
DB11642,Q12809;Q9Y5N1
DB11644,P02766
DB11656,P21462
DB11682,Q96KS0;Q9GZT9;Q9H6Z9
DB11689,P36507;Q02750
DB11693,P63098;Q08209;Q96LZ3
DB11718,P04049;P15056;P24385;P45983;P45984;P45985;P53667;P53671;P53779;Q9NRP7
DB11738,P08913;P18825
DB11753,P0A8T7;P0A8V2;P9WGY7;P9WGY9
DB11763,O60674;P23458;P29597;P36888;P52333;Q04771
DB11800,P08581;P09619;P10721;P11362;P16234;P17948;P35916;P35968;P36888;Q02763;Q13882
DB11815,P29474
DB11817,O60674;P23458;P29597;P52333
DB11820,P22513
DB11828,P00533;P04626;P35968
DB11837,P15538;P19099
DB11859,O00591;O14764;P14867;P18505;P18507;P28472;P31644;P34903;P47869;P47870;P48169;P78334;Q16445;Q8N1C3;Q99928;Q9UN88
DB11886,P11362;P21802;P22455;P22607
DB11901,O00591;O14764;P10275;P14867;P18505;P18507;P28472;P31644;P34903;P47869;P47870;P48169;P78334;Q16445;Q8N1C3;Q99928;Q9UN88
DB11936,P53396
DB11942,O14980
DB11952,O00329;P48736
DB11963,P00533;P04626;Q15303
DB11967,P36507;Q02750
DB11979,P30968
DB12001,P11802;Q00534
DB12005,P49768;P49810;Q8WW43;Q92542;Q96BI3;Q9NZ42
DB12010,O00238;O00329;O00444;O00519;O00750;O14578;O14730;O14757;O14920;O14936;O14965;O14976;O15075;O15146;O15197;O15264;O15530;O43283;O43293;O43353;O43741;O60285;O60674;O75116;O75385;O75460;O75716;O75747;O75914;O76074;O94768;O94804;O95382;O95747;O95819;O95835;O96013;O96017;P00519;P00533;P04049;P04626;P04629;P05129;P06213;P06239;P06241;P06493;P07332;P07333;P07711;P07947;P07948;P07949;P08581;P08631;P08922;P09619;P09769;P0C264;P0DMS8;P10721;P11309;P11362;P11802;P12931;P14616;P15056;P16234;P16591;P17612;P17948;P19525;P19784;P21709;P21802;P22309;P22607;P22694;P23458;P25774;P27448;P29317;P29320;P29322;P29323;P29376;P29597;P30291;P30530;P31152;P33981;P35590;P35916;P35968;P36507;P36888;P36896;P36897;P37173;P41240;P41743;P42345;P42679;P42680;P42681;P42684;P42685;P43403;P43405;P45984;P46734;P48729;P48736;P49759;P49760;P49761;P49840;P49841;P51451;P51617;P51812;P51813;P51955;P51956;P51957;P52333;P52564;P53350;P53355;P53667;P53671;P53779;P54619;P54646;P54756;P54760;P54762;P54764;P57059;P57078;P62344;P68400;P78356;P80192;P9WI81;Q00532;Q00536;Q00537;Q02156;Q02763;Q02779;Q04759;Q04771;Q04912;Q05397;Q05655;Q05940;Q06187;Q06418;Q07912;Q08345;Q08881;Q12851;Q12852;Q12866;Q13131;Q13153;Q13163;Q13164;Q13177;Q13188;Q13233;Q13237;Q13470;Q13523;Q13546;Q13554;Q13555;Q13557;Q13627;Q13873;Q13882;Q14012;Q14164;Q14289;Q14680;Q15139;Q15208;Q15303;Q15375;Q15418;Q15569;Q15746;Q16288;Q16512;Q16513;Q16539;Q16584;Q16620;Q16816;Q16832;Q2M2I8;Q32MK0;Q52WX2;Q56UN5;Q59H18;Q5S007;Q6DT37;Q6P3R8;Q6PHR2;Q6ZN16;Q7KZI7;Q7L7X3;Q7Z460;Q86UE8;Q86V86;Q86YV6;Q8IU85;Q8IVH8;Q8IW41;Q8IY84;Q8IYT8;Q8N4C8;Q8N568;Q8N5S9;Q8NEV4;Q8NFD2;Q8NG66;Q8NI60;Q8TBX8;Q8TD08;Q8TD19;Q8TDR2;Q8WU08;Q92772;Q92918;Q96BR1;Q96D53;Q96GD4;Q96L34;Q96NX5;Q96PY6;Q96Q40;Q96RR4;Q99640;Q99759;Q99808;Q9BQI3;Q9BRS2;Q9BUB5;Q9BVS4;Q9BXA7;Q9BYT3;Q9C098;Q9H093;Q9H0K1;Q9H1R3;Q9H2G2;Q9H2K8;Q9H2X6;Q9H3Y6;Q9H422;Q9H4B4;Q9HAZ1;Q9HBH9;Q9NQU5;Q9NRH2;Q9NRP7;Q9NSY1;Q9NWZ3;Q9NYL2;Q9NYY3;Q9P0L2;Q9P286;Q9P289;Q9P2K8;Q9UBF8;Q9UEE5;Q9UEW8;Q9UF33;Q9UGI9;Q9UGJ0;Q9UHD2;Q9UIK4;Q9UK32;Q9UKE5;Q9UKI8;Q9UL54;Q9UM73;Q9UPZ9;Q9UQB9;Q9UQM7;Q9Y2H1;Q9Y2H9;Q9Y2K2;Q9Y2U5;Q9Y463;Q9Y478;Q9Y4K4;Q9Y616;Q9Y6E0;Q9Y6R4
DB12015,P42336
DB12016,P21453
DB12107,P05364;Q53IN1;Q9X757
DB12130,P08922;Q9UM73
DB12141,A5X5Y0;O95264;P08908;P28221;P28222;P28223;P28335;P28566;P30530;P30939;P34969;P36888;P41595;P46098;P50406;Q13639;Q70Z44;Q8WXA8;Q9UM73
DB12151,O75417;P0DOO6;P28340;P54098;P56282;Q7Z5Q5
DB12153,A0A0H2UQB5
DB12184,P08908
DB12218,P31749;P31751;Q9Y243
DB12235,P03372;Q92731
DB12245,K7YNB3;P25779;Q24940;Q27655;Q6IX08
DB12255,Q16665;Q96KS0;Q99814;Q9GZT9;Q9H6Z9
DB12267,P00519;P00533;P04626;P06213;P08069;P08581;P36888;Q15303;Q9UM73
DB12301,P03366;Q72547
DB12328,P35869;P62136
DB12364,P00742
DB12371,P21453;Q9H228
DB12377,P05364
DB12390,Q03181
DB12404,O00591;O14764;P14867;P18505;P18507;P28472;P31644;P34903;P47869;P47870;P48169;P78334;Q16445;Q8N1C3;Q99928;Q9UN88
DB12455,P02359;P0A7U3
DB12466,P9WGY7;P9WGY9
DB12471,P06780
DB12480,P04293
DB12499,P10275
DB12500,O60674;P23458;P36888
DB12513,Q14145;Q16236
DB12537,O00591;O14764;P14867;P18505;P18507;P28472;P30536;P31644;P34903;P47869;P47870;P48169;P78334;Q16445;Q8N1C3;Q99928;Q9UN88
DB12597,P00519
DB12615,L0LZJ6;Q9UI43
DB12667,P9WGR1
DB12789,P21731;P35408;P43116;Q13258;Q9Y5Y4
DB12865,P41180
DB12874,P36888
DB12914,P10828
DB12941,P06401;P10275
DB12965,P01023;Q14872;Q9Y4I5
DB12978,P07333;P09619;P10721;P36888
DB13055,P10613
DB13063,O14920;P19838;Q00653
DB13146,O15399;O60391;P42261;P42262;P42263;P48058;Q05586;Q12879;Q13224;Q14957;Q15758;Q8TCU5;Q8WY07;Q9UM01
DB13154,P35499
DB13161,B4DP61
DB13167,P35354
DB13179,O75469;P60723
DB13245,O60674
DB13247,P08912
DB13257,P02786;Q9UP52
DB13262,P08172;P08173;P08912;P11229;P20309
DB13269,P35498;P35499;Q01118;Q14524;Q15858;Q99250;Q9NY46;Q9UI33;Q9UQD0;Q9Y5Y9
DB13421,P04183;Q91CQ6
DB13503,P00722;P22303
DB13615,O00206;Q9HC29
DB13746,O00305;O00555;O43497;O60840;O95180;P35498;P35499;P54284;P54289;Q00975;Q01118;Q01668;Q02641;Q08289;Q13698;Q13936;Q14524;Q15858;Q15878;Q7Z3S7;Q86DI9;Q8IZS8;Q99250;Q9NY46;Q9NY47;Q9P0X4;Q9UI33;Q9UQD0;Q9Y5Y9
DB13751,P19838;P28845;P42574;Q00653
DB13783,P23219;P35354
DB13800,P0DP23;P0DP24;P0DP25;P22676;P31415
DB13874,O43837;O75874;P48735;P50213;P51553
DB13908,Q99250
DB13928,P43220
DB13943,P03372;P08235;P10275
DB13944,P03372;P08235;P10275
DB13946,P10275
DB13949,P02786
DB13955,O75469;P03372;P37059;P43681;P62508;Q14457;Q15596;Q92731;Q99527
DB13981,P03372
DB13995,P02792;P02794
DB13996,P05023
DB14001,O75469;O75912;O76054;P05771;P17252;P23743;P49619;P52429;P52824;Q13574;Q16760;Q5KSL6;Q86XP1;Q9UDX4;Q9Y6T7
DB14002,O75469;O76054;P05771;P17252;Q9UDX4
DB14018,P0DMS8;P29274;P29275;P30542
DB14019,P25103
DB14104,P15090
DB14123,Q7Z2W7
DB14174,P51648
DB14183,Q7Z2W7
DB14184,O75762;Q8NET8
DB14185,P08172;P08173;P08908;P08912;P08913;P11229;P14416;P18089;P18825;P20309;P21728;P21917;P21918;P28221;P28222;P28223;P28335;P28566;P34969;P35348;P35367;P35368;P35462;P46098;P50406
DB14187,Q7Z2W7
DB14212,O75762
DB14481,O14958;O75340;O75838;P09486;P0DP23;P0DP24;P0DP25;P13693;P22676;P27797;P27824;P28676;P30626;P31415;P35556;P41180;P62166;P80303;Q02818;Q13938;Q75N90;Q86UW7;Q96L12;Q99653;Q99828;Q9UBV8;Q9ULB1;Q9ULU8
DB14487,O14556;O14618;O15350;O75340;O75636;P00441;P00734;P00736;P00739;P00748;P00751;P01009;P01011;P01023;P01024;P01031;P01042;P02533;P02538;P02671;P02746;P02747;P02751;P02766;P03372;P03952;P04003;P04075;P04217;P04264;P04278;P04637;P05067;P05156;P05160;P05546;P06396;P06733;P07237;P07357;P07358;P08185;P08603;P08779;P09871;P09874;P0C0L5;P13645;P13647;P14780;P14923;P15169;P15531;P15924;P16455;P20742;P20851;P22792;P23415;P27169;P29622;P30101;P35527;P35858;P35908;P46663;P46736;P46939;P49411;P51693;P56524;P60174;P68104;P78330;P80748;Q06481;Q06830;Q13547;Q9BY41
DB14488,P02786;P02794;P39748;Q16595;Q9BY41;Q9GZT9
DB14489,P02786;P02794;P39748;Q16595;Q9BY41;Q9GZT9
DB14490,P02786;P02794;P39748;Q16595;Q9BY41;Q9GZT9
DB14491,P02786;P02794;P39748;Q16595;Q9BY41;Q9GZT9
DB14498,P05023
DB14499,P05023
DB14500,P05023
DB14501,P02786;P02794;P39748;Q16595;Q9BY41;Q9GZT9
DB14502,P22748
DB14507,O14732;P29218;P42263;P49841
DB14509,O14732;P29218;P42263;P49841
DB14512,P04150;P06401
DB14517,P05023;P05067;P06870
DB14518,P05023;P05067;P06870
DB14520,P02786
DB14527,P00167
DB14528,P00167
DB14529,P00167
DB14530,P00167
DB14533,O14556;O14618;O15350;P00441;P00736;P00738;P01009;P01011;P01023;P01024;P01031;P01042;P02671;P02746;P02747;P02751;P02766;P03372;P03951;P03952;P04003;P04075;P04114;P04278;P04637;P05067;P05546;P06733;P07237;P08185;P08603;P09871;P09874;P0C0L5;P14780;P15169;P15531;P16455;P20742;P20851;P22792;P23415;P27169;P30101;P35527;P35858;P46663;P46736;P46939;P49411;P51693;P56524;P60174;P68104;P78330;Q06481;Q06830;Q13547;Q9BY41
DB14539,P04083;P04150;P14060;P80365
DB14540,P04083;P04150;P14060;P80365
DB14541,P04083;P04150;P14060;P80365
DB14542,P04083;P04150;P14060;P80365
DB14544,P04083;P04150;P14060;P80365
DB14548,O14556;O14618;O15350;P00441;P00736;P00738;P01009;P01011;P01023;P01024;P01031;P01042;P02671;P02746;P02747;P02751;P02766;P03372;P03951;P03952;P04003;P04075;P04114;P04278;P04637;P05067;P05546;P06733;P07237;P08185;P08603;P09871;P09874;P0C0L5;P14780;P15169;P15531;P16455;P20742;P20851;P22792;P23415;P27169;P30101;P35527;P35858;P46663;P46736;P46939;P49411;P51693;P56524;P60174;P68104;P78330;Q06481;Q06830;Q13547;Q9BY41
DB14568,O75874
DB14583,P04150;P06401;P10275
DB14596,O95718;P04150;P11474;P62508
DB14631,P04083;P04150
DB14669,P04083;P04150
DB14726,P00734
DB14761,K9N7C7;P0C6X7;P0DTD1
DB14783,Q9GZZ6
DB14805,Q04609
DB14840,P09619;P10721;P15056;P16234;P35968;Q02763
DB14845,P23458
DB14881,P35372
DB14914,P10636;P21397;P27338
DB14924,P42680;P42681;P51813;P52333;Q06187;Q08881
DB14973,O60674;P23458;P29597;P52333
DB15031,O43613;O43614
DB15059,P24530;P25101
DB15091,P23458
DB15114,P04150;P08235
DB15266,P04049;P10398;P15056
DB15275,P42336;P48736
DB15357,P08172;P08173;P08912;P11229;P20309
DB15401,P00746
DB15442,P11802;P24941;P50613;P50750;Q00534;Q00535
DB15456,Q02153;Q02846
DB15463,Q99814
DB15490,O00591;O14764;P14867;P18505;P18507;P28472;P31644;P34903;P47869;P47870;P48169;P78334;Q16445;Q8N1C3;Q99928;Q9UN88
DB15566,P04150
DB15568,P01116
DB15598,P05106;P49281
DB15617,P02786;Q9UP52
DB15673,P04585
DB15685,P07949;P11362;P17948;P21802;P22607;P35916
DB15690,P03372;Q92731
DB15694,P32320
DB15982,P03952
DB16019,P07288;Q04609
DB16217,O00329
DB16226,Q12908;Q14973
DB16267,O75874
DB16628,P47989;Q9NZB8
DB16650,P29597
DB16691,P0DTD1
DB17097,O43837;O75874;P48735;P50213;P51553
DB17992,E0W492
DB19378,P06401
